iter	Logloss
0	0.6892337897
1	0.685769402
2	0.6825069406
3	0.6793052801
4	0.6754119825
