iter	Logloss
0	0.6555321569
1	0.6264240707
2	0.6021465887
3	0.5809661047
4	0.5578165135
